1,title1,contect1,Bartłomiej raczkowski,2020-11-04
2,title2,contect2,Bartłomiej ,2019-12-04
3,title3,contect3,Bartłomiej raczkowki,2020-11-01
4,title3,contect3,Bartłomiej raczkowki,2020-11-01
5,Nowy artykuł,siema tu nowy artykuł,Bartłomiej Bączkowski,2020-04-04
6,dsasdasd,asdasd,asdas,2020-03-04
7,dfasdfasdf,sadfasdfasd,sadfasdfasdfasd,2020-05-04
8,dsasdasd,asdasdas,asdasdasd,2020-05-04
9,dasdasdas,dasdasdasd,adsasdasdas,2020-06-04
10,asdf,sadfsadfasd,fasdfasd,2020-12-04
11,Tajfun wraca ze sklepu,Harnasie i Piasty,Siwy z Bagien,2020-01-06
12,Nowy Artykuł,Nowy Artykuł,Zbigniew Zbigniewski,2010-02-11
13,test,test,nullnull,2020-04-06
